"Date","Lead Source","Valid Leads","New Clients","Orders","Order Dollars"
"05/31/2024","Affiliates","241","213","670","$762,071.71"
"05/31/2024","Facebook","221","226","703","$814,642.19"
"05/31/2024","Organic Search","201","229","769","$883,222.52"
"05/31/2024","Paid Bing","235","246","804","$928,404.65"
"05/31/2024","Paid Google","214","229","770","$891,457.77"
"05/30/2024","Affiliates","247","131","375","$432,500.11"
"05/30/2024","Facebook","230","135","404","$462,199.45"
"05/30/2024","Organic Search","241","155","453","$520,807.70"
"05/30/2024","Paid Bing","225","132","425","$476,392.34"
"05/30/2024","Paid Google","231","145","430","$493,100.37"
"05/29/2024","Affiliates","237","113","335","$390,395.82"
"05/29/2024","Facebook","220","139","359","$416,571.24"
"05/29/2024","Organic Search","221","142","379","$431,440.52"
"05/29/2024","Paid Bing","221","122","344","$391,792.95"
"05/29/2024","Paid Google","234","143","383","$433,680.89"
"05/28/2024","Affiliates","218","75","240","$273,644.74"
"05/28/2024","Facebook","226","109","260","$296,514.54"
"05/28/2024","Organic Search","245","99","282","$321,474.71"
"05/28/2024","Paid Bing","217","102","285","$321,527.94"
"05/28/2024","Paid Google","287","118","300","$351,868.80"
"05/27/2024","Affiliates","282","90","243","$281,224.36"
"05/27/2024","Facebook","224","94","249","$292,158.10"
"05/27/2024","Organic Search","236","94","249","$290,249.74"
"05/27/2024","Paid Bing","251","100","245","$285,735.96"
"05/27/2024","Paid Google","225","104","274","$314,131.25"
"05/26/2024","Affiliates","223","87","218","$253,208.02"
"05/26/2024","Facebook","228","84","230","$263,443.50"
"05/26/2024","Organic Search","241","89","225","$262,211.00"
"05/26/2024","Paid Bing","249","87","219","$254,192.98"
"05/26/2024","Paid Google","265","99","233","$264,003.27"
"05/25/2024","Affiliates","252","85","200","$230,772.12"
"05/25/2024","Facebook","231","85","210","$241,348.95"
"05/25/2024","Organic Search","235","76","188","$215,297.26"
"05/25/2024","Paid Bing","239","88","215","$245,865.45"
"05/25/2024","Paid Google","244","82","209","$239,761.01"
"05/24/2024","Affiliates","252","74","166","$193,502.88"
"05/24/2024","Facebook","266","73","170","$193,272.47"
"05/24/2024","Organic Search","276","75","163","$184,048.46"
"05/24/2024","Paid Bing","267","82","188","$220,878.69"
"05/24/2024","Paid Google","233","74","161","$182,201.80"
"05/23/2024","Affiliates","240","72","183","$212,677.15"
"05/23/2024","Facebook","222","62","151","$173,860.65"
"05/23/2024","Organic Search","207","53","146","$169,459.33"
"05/23/2024","Paid Bing","252","64","161","$182,689.23"
"05/23/2024","Paid Google","229","59","168","$188,539.28"
"05/22/2024","Affiliates","219","60","164","$195,956.61"
"05/22/2024","Facebook","235","68","139","$156,638.38"
"05/22/2024","Organic Search","229","69","158","$186,034.18"
"05/22/2024","Paid Bing","237","73","157","$178,701.65"
"05/22/2024","Paid Google","241","54","137","$157,626.07"
"05/21/2024","Affiliates","231","60","132","$151,182.72"
"05/21/2024","Facebook","207","60","124","$143,068.64"
"05/21/2024","Organic Search","237","60","136","$158,030.15"
"05/21/2024","Paid Bing","273","80","163","$187,467.63"
"05/21/2024","Paid Google","231","68","153","$180,530.39"
"05/20/2024","Affiliates","226","64","134","$153,047.80"
"05/20/2024","Facebook","232","57","130","$149,120.50"
"05/20/2024","Organic Search","229","60","143","$162,919.53"
"05/20/2024","Paid Bing","230","44","116","$135,087.00"
"05/20/2024","Paid Google","225","69","128","$146,289.65"
"05/19/2024","Affiliates","217","71","159","$180,897.60"
"05/19/2024","Facebook","217","49","123","$141,422.80"
"05/19/2024","Organic Search","215","58","137","$156,795.84"
"05/19/2024","Paid Bing","233","54","121","$138,178.42"
"05/19/2024","Paid Google","235","62","137","$154,862.94"
"05/18/2024","Affiliates","249","43","118","$138,158.36"
"05/18/2024","Facebook","230","54","115","$128,289.92"
"05/18/2024","Organic Search","224","48","106","$122,068.70"
"05/18/2024","Paid Bing","235","43","115","$133,386.77"
"05/18/2024","Paid Google","226","47","111","$127,689.79"
"05/17/2024","Affiliates","198","50","101","$116,324.64"
"05/17/2024","Facebook","199","57","123","$142,463.47"
"05/17/2024","Organic Search","245","63","124","$142,370.15"
"05/17/2024","Paid Bing","251","40","106","$119,710.41"
"05/17/2024","Paid Google","235","62","111","$125,630.06"
"05/16/2024","Affiliates","220","38","98","$112,452.01"
"05/16/2024","Facebook","264","52","109","$127,914.48"
"05/16/2024","Organic Search","244","39","93","$105,529.84"
"05/16/2024","Paid Bing","257","60","123","$144,218.26"
"05/16/2024","Paid Google","254","43","98","$112,407.38"
"05/15/2024","Affiliates","215","36","78","$90,940.13"
"05/15/2024","Facebook","230","48","105","$122,692.14"
"05/15/2024","Organic Search","223","49","98","$111,460.01"
"05/15/2024","Paid Bing","210","56","98","$111,850.87"
"05/15/2024","Paid Google","228","39","103","$117,876.32"
"05/14/2024","Affiliates","220","39","83","$99,359.93"
"05/14/2024","Facebook","238","40","87","$98,219.43"
"05/14/2024","Organic Search","246","44","98","$110,584.18"
"05/14/2024","Paid Bing","252","38","106","$126,314.71"
"05/14/2024","Paid Google","230","44","83","$97,073.62"
"05/13/2024","Affiliates","232","43","90","$102,592.66"
"05/13/2024","Facebook","226","54","96","$107,883.71"
"05/13/2024","Organic Search","237","44","99","$109,855.13"
"05/13/2024","Paid Bing","232","58","117","$134,630.36"
"05/13/2024","Paid Google","230","52","115","$131,218.43"
"05/12/2024","Affiliates","199","47","89","$104,807.33"
"05/12/2024","Facebook","227","48","88","$102,515.26"
"05/12/2024","Organic Search","236","39","76","$86,872.41"
"05/12/2024","Paid Bing","207","39","86","$100,084.06"
"05/12/2024","Paid Google","241","38","68","$80,349.05"
"05/11/2024","Affiliates","254","42","79","$89,438.53"
"05/11/2024","Facebook","246","36","79","$89,980.72"
"05/11/2024","Organic Search","243","42","84","$97,138.98"
"05/11/2024","Paid Bing","234","46","92","$106,436.65"
"05/11/2024","Paid Google","260","48","97","$112,351.17"
"05/10/2024","Affiliates","233","43","89","$99,805.00"
"05/10/2024","Facebook","243","32","60","$70,362.24"
"05/10/2024","Organic Search","238","33","79","$91,221.93"
"05/10/2024","Paid Bing","253","37","72","$82,417.42"
"05/10/2024","Paid Google","269","51","86","$98,467.82"
"05/09/2024","Affiliates","227","39","78","$89,512.40"
"05/09/2024","Facebook","228","31","60","$68,987.16"
"05/09/2024","Organic Search","216","41","83","$95,959.47"
"05/09/2024","Paid Bing","242","38","85","$95,064.53"
"05/09/2024","Paid Google","224","40","76","$86,890.10"
"05/08/2024","Affiliates","213","35","76","$86,253.27"
"05/08/2024","Facebook","216","33","65","$74,180.83"
"05/08/2024","Organic Search","265","49","74","$80,196.96"
"05/08/2024","Paid Bing","258","45","83","$93,163.61"
"05/08/2024","Paid Google","216","39","69","$81,109.97"
"05/07/2024","Affiliates","255","45","95","$109,645.20"
"05/07/2024","Facebook","222","35","57","$66,074.32"
"05/07/2024","Organic Search","219","33","64","$76,143.08"
"05/07/2024","Paid Bing","227","45","73","$82,892.90"
"05/07/2024","Paid Google","266","45","74","$85,704.93"
"05/06/2024","Affiliates","250","26","59","$66,774.75"
"05/06/2024","Facebook","209","29","53","$59,671.47"
"05/06/2024","Organic Search","195","26","59","$67,198.47"
"05/06/2024","Paid Bing","234","40","66","$77,093.90"
"05/06/2024","Paid Google","234","42","79","$90,080.11"
"05/05/2024","Affiliates","222","41","66","$74,170.02"
"05/05/2024","Facebook","246","28","54","$61,773.03"
"05/05/2024","Organic Search","256","38","67","$75,255.42"
"05/05/2024","Paid Bing","262","29","62","$72,778.35"
"05/05/2024","Paid Google","262","27","49","$54,022.73"
"05/04/2024","Affiliates","239","39","69","$82,567.18"
"05/04/2024","Facebook","245","23","54","$62,826.77"
"05/04/2024","Organic Search","257","26","60","$70,688.63"
"05/04/2024","Paid Bing","227","38","66","$74,107.77"
"05/04/2024","Paid Google","233","29","56","$64,795.25"
"05/03/2024","Affiliates","205","25","51","$60,460.20"
"05/03/2024","Facebook","211","26","51","$57,579.02"
"05/03/2024","Organic Search","234","37","62","$70,178.24"
"05/03/2024","Paid Bing","249","34","61","$71,188.63"
"05/03/2024","Paid Google","241","33","55","$63,628.62"
"05/02/2024","Affiliates","242","35","63","$73,231.02"
"05/02/2024","Facebook","233","41","75","$85,815.37"
"05/02/2024","Organic Search","265","23","47","$53,621.98"
"05/02/2024","Paid Bing","205","26","52","$62,038.81"
"05/02/2024","Paid Google","225","39","56","$66,343.98"
"05/01/2024","Affiliates","231","31","56","$66,237.88"
"05/01/2024","Facebook","276","25","62","$70,749.65"
"05/01/2024","Organic Search","236","27","52","$61,410.83"
"05/01/2024","Paid Bing","230","34","68","$75,397.88"
"05/01/2024","Paid Google","275","26","45","$52,686.67"
"04/30/2024","Affiliates","241","27","48","$55,296.94"
"04/30/2024","Facebook","239","28","45","$53,359.40"
"04/30/2024","Organic Search","204","30","55","$61,730.44"
"04/30/2024","Paid Bing","213","22","48","$56,580.05"
"04/30/2024","Paid Google","221","25","50","$59,698.93"
"04/29/2024","Affiliates","229","34","51","$58,035.46"
"04/29/2024","Facebook","210","29","47","$55,532.53"
"04/29/2024","Organic Search","257","24","37","$43,530.33"
"04/29/2024","Paid Bing","247","24","50","$55,671.56"
"04/29/2024","Paid Google","234","31","48","$54,286.24"
"04/28/2024","Affiliates","221","15","32","$37,625.13"
"04/28/2024","Facebook","223","25","42","$47,739.11"
"04/28/2024","Organic Search","233","25","54","$60,886.49"
"04/28/2024","Paid Bing","247","25","43","$49,654.94"
"04/28/2024","Paid Google","220","22","40","$45,656.00"
"04/27/2024","Affiliates","238","27","52","$59,255.60"
"04/27/2024","Facebook","218","27","49","$56,586.30"
"04/27/2024","Organic Search","258","29","43","$49,756.26"
"04/27/2024","Paid Bing","240","25","48","$56,971.51"
"04/27/2024","Paid Google","218","15","37","$41,667.83"
"04/26/2024","Affiliates","245","19","38","$43,455.56"
"04/26/2024","Facebook","246","20","37","$41,992.61"
"04/26/2024","Organic Search","232","23","38","$42,121.78"
"04/26/2024","Paid Bing","231","26","41","$49,477.32"
"04/26/2024","Paid Google","234","27","48","$56,227.68"
"04/25/2024","Affiliates","242","26","43","$47,919.73"
"04/25/2024","Facebook","241","19","28","$31,029.03"
"04/25/2024","Organic Search","251","24","45","$48,326.49"
"04/25/2024","Paid Bing","232","31","48","$55,310.21"
"04/25/2024","Paid Google","244","24","38","$43,788.95"
"04/24/2024","Affiliates","252","27","39","$45,764.01"
"04/24/2024","Facebook","240","10","28","$31,455.37"
"04/24/2024","Organic Search","205","16","41","$46,810.57"
"04/24/2024","Paid Bing","243","20","33","$38,461.15"
"04/24/2024","Paid Google","224","21","34","$38,853.73"
"04/23/2024","Affiliates","228","18","30","$33,413.60"
"04/23/2024","Facebook","214","23","37","$41,491.48"
"04/23/2024","Organic Search","240","28","49","$58,923.42"
"04/23/2024","Paid Bing","228","34","47","$54,253.22"
"04/23/2024","Paid Google","245","18","31","$33,647.06"
"04/22/2024","Affiliates","253","16","42","$49,724.05"
"04/22/2024","Facebook","227","22","37","$44,036.57"
"04/22/2024","Organic Search","252","20","38","$43,918.82"
"04/22/2024","Paid Bing","219","25","34","$39,789.85"
"04/22/2024","Paid Google","243","21","39","$44,152.44"
"04/21/2024","Affiliates","215","23","36","$41,072.78"
"04/21/2024","Facebook","233","22","38","$42,669.09"
"04/21/2024","Organic Search","222","20","30","$35,448.94"
"04/21/2024","Paid Bing","215","27","51","$58,833.87"
"04/21/2024","Paid Google","212","17","33","$36,585.24"
"04/20/2024","Affiliates","232","17","40","$43,359.79"
"04/20/2024","Facebook","244","17","25","$29,844.68"
"04/20/2024","Organic Search","262","23","37","$42,751.02"
"04/20/2024","Paid Bing","232","19","30","$33,274.89"
"04/20/2024","Paid Google","247","25","37","$42,643.65"
"04/19/2024","Affiliates","261","29","37","$43,837.25"
"04/19/2024","Facebook","226","18","34","$38,075.28"
"04/19/2024","Organic Search","263","17","30","$35,740.41"
"04/19/2024","Paid Bing","223","18","32","$35,954.79"
"04/19/2024","Paid Google","232","13","25","$27,900.56"
"04/18/2024","Affiliates","240","22","32","$37,146.66"
"04/18/2024","Facebook","231","24","35","$40,622.60"
"04/18/2024","Organic Search","247","12","20","$22,267.45"
"04/18/2024","Paid Bing","211","16","27","$31,014.26"
"04/18/2024","Paid Google","233","18","28","$32,098.32"
"04/17/2024","Affiliates","236","24","38","$44,973.11"
"04/17/2024","Facebook","237","14","22","$26,187.67"
"04/17/2024","Organic Search","228","17","27","$31,742.29"
"04/17/2024","Paid Bing","227","17","29","$33,049.94"
"04/17/2024","Paid Google","215","13","30","$32,736.78"
"04/16/2024","Affiliates","254","21","35","$38,848.79"
"04/16/2024","Facebook","244","20","35","$39,598.65"
"04/16/2024","Organic Search","226","13","21","$24,277.65"
"04/16/2024","Paid Bing","224","18","28","$32,778.29"
"04/16/2024","Paid Google","212","17","31","$36,378.34"
"04/15/2024","Affiliates","233","15","22","$27,342.46"
"04/15/2024","Facebook","238","17","26","$29,799.83"
"04/15/2024","Organic Search","225","17","27","$30,318.87"
"04/15/2024","Paid Bing","220","15","26","$29,924.59"
"04/15/2024","Paid Google","265","15","27","$31,411.29"
"04/14/2024","Affiliates","232","15","23","$25,377.05"
"04/14/2024","Facebook","244","19","29","$34,782.53"
"04/14/2024","Organic Search","251","19","27","$31,354.95"
"04/14/2024","Paid Bing","243","25","36","$43,613.52"
"04/14/2024","Paid Google","231","13","28","$31,673.45"
"04/13/2024","Affiliates","227","19","29","$33,239.07"
"04/13/2024","Facebook","236","16","25","$29,350.84"
"04/13/2024","Organic Search","222","9","20","$22,186.41"
"04/13/2024","Paid Bing","250","11","23","$25,612.31"
"04/13/2024","Paid Google","226","27","40","$46,481.65"
"04/12/2024","Affiliates","210","16","21","$25,289.15"
"04/12/2024","Facebook","235","16","24","$28,474.00"
"04/12/2024","Organic Search","238","14","28","$32,234.20"
"04/12/2024","Paid Bing","246","18","27","$31,283.86"
"04/12/2024","Paid Google","235","14","18","$19,804.68"
"04/11/2024","Affiliates","247","13","18","$19,482.25"
"04/11/2024","Facebook","226","13","27","$30,881.62"
"04/11/2024","Organic Search","260","22","34","$37,138.19"
"04/11/2024","Paid Bing","236","12","25","$28,382.22"
"04/11/2024","Paid Google","216","27","35","$39,830.45"
"04/10/2024","Affiliates","219","20","27","$31,638.22"
"04/10/2024","Facebook","215","16","27","$31,359.37"
"04/10/2024","Organic Search","245","20","26","$29,588.12"
"04/10/2024","Paid Bing","213","16","21","$24,709.42"
"04/10/2024","Paid Google","251","14","22","$24,301.77"
"04/09/2024","Affiliates","245","13","21","$24,572.00"
"04/09/2024","Facebook","244","13","22","$24,933.13"
"04/09/2024","Organic Search","233","15","29","$33,567.31"
"04/09/2024","Paid Bing","237","11","17","$21,195.21"
"04/09/2024","Paid Google","210","15","22","$25,456.81"
"04/08/2024","Affiliates","237","20","29","$33,526.95"
"04/08/2024","Facebook","244","11","19","$22,605.93"
"04/08/2024","Organic Search","232","15","26","$30,914.26"
"04/08/2024","Paid Bing","213","11","16","$18,408.52"
"04/08/2024","Paid Google","227","20","30","$35,185.23"
"04/07/2024","Affiliates","252","9","15","$16,592.57"
"04/07/2024","Facebook","237","10","20","$22,128.55"
"04/07/2024","Organic Search","238","14","23","$26,119.97"
"04/07/2024","Paid Bing","226","11","16","$18,650.70"
"04/07/2024","Paid Google","242","16","22","$25,869.08"
"04/06/2024","Affiliates","266","16","21","$25,303.55"
"04/06/2024","Facebook","243","14","18","$20,307.98"
"04/06/2024","Organic Search","234","15","19","$21,919.89"
"04/06/2024","Paid Bing","206","11","24","$27,082.45"
"04/06/2024","Paid Google","221","17","21","$23,735.13"
"04/05/2024","Affiliates","241","14","21","$24,244.50"
"04/05/2024","Facebook","247","13","20","$23,755.12"
"04/05/2024","Organic Search","222","10","14","$16,127.56"
"04/05/2024","Paid Bing","230","13","21","$24,064.50"
"04/05/2024","Paid Google","262","10","15","$17,791.51"
"04/04/2024","Affiliates","194","9","16","$20,244.67"
"04/04/2024","Facebook","253","14","19","$21,700.36"
"04/04/2024","Organic Search","244","9","16","$18,673.71"
"04/04/2024","Paid Bing","269","15","20","$22,541.91"
"04/04/2024","Paid Google","248","20","30","$35,099.70"
"04/03/2024","Affiliates","231","11","22","$22,876.81"
"04/03/2024","Facebook","240","12","17","$21,092.37"
"04/03/2024","Organic Search","231","13","15","$17,171.33"
"04/03/2024","Paid Bing","234","14","18","$20,527.82"
"04/03/2024","Paid Google","225","10","15","$18,144.21"
"04/02/2024","Affiliates","221","9","13","$15,135.08"
"04/02/2024","Facebook","223","11","18","$19,413.23"
"04/02/2024","Organic Search","230","13","22","$26,624.44"
"04/02/2024","Paid Bing","236","11","15","$17,178.42"
"04/02/2024","Paid Google","225","10","13","$14,343.36"
"04/01/2024","Affiliates","244","8","17","$20,046.97"
"04/01/2024","Facebook","230","12","21","$22,782.31"
"04/01/2024","Organic Search","235","12","20","$22,977.47"
"04/01/2024","Paid Bing","265","13","25","$27,573.26"
"04/01/2024","Paid Google","210","9","15","$17,756.05"
"03/31/2024","Affiliates","233","8","11","$13,170.34"
"03/31/2024","Facebook","203","5","11","$11,269.40"
"03/31/2024","Organic Search","262","9","16","$16,426.58"
"03/31/2024","Paid Bing","208","13","21","$24,272.26"
"03/31/2024","Paid Google","246","12","26","$28,290.16"
"03/30/2024","Affiliates","245","13","20","$22,622.02"
"03/30/2024","Facebook","237","11","22","$25,130.04"
"03/30/2024","Organic Search","221","13","14","$16,540.28"
"03/30/2024","Paid Bing","235","11","14","$16,901.60"
"03/30/2024","Paid Google","231","9","13","$15,030.96"
"03/29/2024","Affiliates","238","16","22","$24,354.69"
"03/29/2024","Facebook","271","9","11","$11,823.77"
"03/29/2024","Organic Search","232","10","17","$17,930.69"
"03/29/2024","Paid Bing","222","12","16","$16,417.49"
"03/29/2024","Paid Google","242","13","16","$17,632.31"
"03/28/2024","Affiliates","228","9","16","$17,942.13"
"03/28/2024","Facebook","259","16","22","$25,749.97"
"03/28/2024","Organic Search","219","11","19","$21,295.23"
"03/28/2024","Paid Bing","252","5","8","$9,039.31"
"03/28/2024","Paid Google","246","9","15","$17,421.42"
"03/27/2024","Affiliates","251","10","16","$18,941.20"
"03/27/2024","Facebook","248","17","24","$28,783.57"
"03/27/2024","Organic Search","217","13","16","$17,540.22"
"03/27/2024","Paid Bing","237","7","10","$10,969.95"
"03/27/2024","Paid Google","220","13","16","$17,185.66"
"03/26/2024","Affiliates","235","10","14","$14,947.60"
"03/26/2024","Facebook","226","16","21","$24,468.95"
"03/26/2024","Organic Search","235","11","13","$14,499.39"
"03/26/2024","Paid Bing","253","8","11","$13,169.88"
"03/26/2024","Paid Google","251","14","16","$18,155.34"
"03/25/2024","Affiliates","244","11","14","$15,722.83"
"03/25/2024","Facebook","232","8","14","$14,945.79"
"03/25/2024","Organic Search","248","13","16","$19,132.32"
"03/25/2024","Paid Bing","220","13","17","$19,372.61"
"03/25/2024","Paid Google","216","8","11","$13,023.27"
"03/24/2024","Affiliates","238","8","10","$10,866.80"
"03/24/2024","Facebook","231","10","13","$14,197.01"
"03/24/2024","Organic Search","240","11","15","$17,066.04"
"03/24/2024","Paid Bing","240","8","14","$16,326.91"
"03/24/2024","Paid Google","241","7","8","$9,071.92"
"03/23/2024","Affiliates","213","4","7","$7,921.34"
"03/23/2024","Facebook","220","7","12","$14,014.40"
"03/23/2024","Organic Search","232","11","14","$14,854.29"
"03/23/2024","Paid Bing","245","7","10","$11,054.65"
"03/23/2024","Paid Google","261","12","17","$20,020.43"
"03/22/2024","Affiliates","245","10","13","$14,141.22"
"03/22/2024","Facebook","214","8","12","$13,603.07"
"03/22/2024","Organic Search","254","13","16","$19,232.80"
"03/22/2024","Paid Bing","236","9","11","$12,291.38"
"03/22/2024","Paid Google","218","4","6","$6,460.24"
"03/21/2024","Affiliates","252","9","11","$13,627.65"
"03/21/2024","Facebook","254","7","7","$8,498.78"
"03/21/2024","Organic Search","246","9","13","$14,487.50"
"03/21/2024","Paid Bing","226","8","10","$10,541.81"
"03/21/2024","Paid Google","204","6","10","$11,400.88"
"03/20/2024","Affiliates","218","10","13","$15,266.00"
"03/20/2024","Facebook","250","9","11","$12,329.10"
"03/20/2024","Organic Search","222","12","13","$15,593.62"
"03/20/2024","Paid Bing","239","10","10","$11,604.63"
"03/20/2024","Paid Google","249","3","3","$3,293.61"
"03/19/2024","Affiliates","270","6","9","$11,172.45"
"03/19/2024","Facebook","243","7","9","$10,083.97"
"03/19/2024","Organic Search","257","8","9","$9,244.21"
"03/19/2024","Paid Bing","262","13","15","$17,485.76"
"03/19/2024","Paid Google","243","8","9","$9,727.51"
"03/18/2024","Affiliates","229","7","12","$12,897.02"
"03/18/2024","Facebook","261","3","7","$7,976.92"
"03/18/2024","Organic Search","231","8","13","$16,066.51"
"03/18/2024","Paid Bing","237","4","9","$11,189.61"
"03/18/2024","Paid Google","249","9","12","$13,822.34"
"03/17/2024","Affiliates","238","5","7","$7,926.57"
"03/17/2024","Facebook","226","7","10","$12,150.60"
"03/17/2024","Organic Search","249","7","11","$12,024.36"
"03/17/2024","Paid Bing","243","9","12","$14,309.41"
"03/17/2024","Paid Google","253","8","12","$13,629.03"
"03/16/2024","Affiliates","259","6","9","$10,472.67"
"03/16/2024","Facebook","235","8","11","$11,995.97"
"03/16/2024","Organic Search","230","8","9","$10,383.44"
"03/16/2024","Paid Bing","227","11","14","$15,740.08"
"03/16/2024","Paid Google","235","7","7","$8,504.57"
"03/15/2024","Affiliates","238","6","7","$8,493.17"
"03/15/2024","Facebook","238","5","8","$8,384.93"
"03/15/2024","Organic Search","225","6","8","$9,037.43"
"03/15/2024","Paid Bing","207","9","13","$13,132.01"
"03/15/2024","Paid Google","247","10","12","$13,238.76"
"03/14/2024","Affiliates","236","5","5","$4,533.86"
"03/14/2024","Facebook","227","4","8","$8,848.23"
"03/14/2024","Organic Search","221","7","9","$9,538.09"
"03/14/2024","Paid Bing","227","5","7","$8,781.20"
"03/14/2024","Paid Google","245","10","15","$16,960.35"
"03/13/2024","Affiliates","216","8","13","$15,570.20"
"03/13/2024","Facebook","203","11","13","$14,516.32"
"03/13/2024","Organic Search","246","6","8","$8,487.19"
"03/13/2024","Paid Bing","272","6","7","$7,928.58"
"03/13/2024","Paid Google","237","6","10","$11,054.18"
"03/12/2024","Affiliates","231","4","5","$5,580.23"
"03/12/2024","Facebook","246","6","10","$12,262.49"
"03/12/2024","Organic Search","218","6","8","$8,931.51"
"03/12/2024","Paid Bing","220","4","4","$5,141.25"
"03/12/2024","Paid Google","223","7","8","$8,279.47"
"03/11/2024","Affiliates","250","2","4","$4,460.34"
"03/11/2024","Facebook","234","9","13","$15,136.75"
"03/11/2024","Organic Search","234","6","6","$6,976.79"
"03/11/2024","Paid Bing","232","1","4","$4,836.34"
"03/11/2024","Paid Google","227","6","11","$13,334.87"
"03/10/2024","Affiliates","213","4","5","$6,306.57"
"03/10/2024","Facebook","238","6","10","$11,453.46"
"03/10/2024","Organic Search","234","12","13","$16,143.43"
"03/10/2024","Paid Bing","256","5","6","$6,807.37"
"03/10/2024","Paid Google","242","5","8","$8,908.57"
"03/09/2024","Affiliates","233","2","2","$2,196.22"
"03/09/2024","Facebook","245","9","10","$11,350.22"
"03/09/2024","Organic Search","246","8","9","$9,832.30"
"03/09/2024","Paid Bing","233","8","11","$12,941.99"
"03/09/2024","Paid Google","252","4","4","$4,727.62"
"03/08/2024","Affiliates","234","4","4","$4,995.85"
"03/08/2024","Facebook","226","7","8","$10,082.61"
"03/08/2024","Organic Search","230","3","5","$5,488.24"
"03/08/2024","Paid Bing","247","6","8","$9,982.32"
"03/08/2024","Paid Google","233","2","3","$4,138.58"
"03/07/2024","Affiliates","249","2","4","$4,471.15"
"03/07/2024","Facebook","243","5","8","$9,409.88"
"03/07/2024","Organic Search","232","2","3","$3,348.49"
"03/07/2024","Paid Bing","250","8","8","$10,003.41"
"03/07/2024","Paid Google","257","6","11","$11,850.65"
"03/06/2024","Affiliates","237","4","8","$9,513.13"
"03/06/2024","Facebook","228","3","6","$7,133.06"
"03/06/2024","Organic Search","221","7","9","$11,105.65"
"03/06/2024","Paid Bing","241","7","11","$12,724.26"
"03/06/2024","Paid Google","211","2","4","$4,254.29"
"03/05/2024","Affiliates","220","2","4","$4,704.39"
"03/05/2024","Facebook","238","1","1","$1,279.66"
"03/05/2024","Organic Search","225","2","3","$3,120.16"
"03/05/2024","Paid Bing","231","5","5","$5,899.93"
"03/05/2024","Paid Google","237","5","6","$7,182.37"
"03/04/2024","Affiliates","249","3","4","$4,251.26"
"03/04/2024","Facebook","243","5","9","$11,088.00"
"03/04/2024","Organic Search","255","5","6","$7,546.88"
"03/04/2024","Paid Bing","226","5","8","$9,080.50"
"03/04/2024","Paid Google","248","1","1","$1,066.80"
"03/03/2024","Affiliates","218","1","2","$1,863.62"
"03/03/2024","Facebook","241","5","7","$7,241.79"
"03/03/2024","Organic Search","226","3","4","$4,712.31"
"03/03/2024","Paid Bing","217","4","5","$6,256.05"
"03/03/2024","Paid Google","239","4","4","$5,259.54"
"03/02/2024","Affiliates","256","3","3","$3,271.14"
"03/02/2024","Facebook","220","0","0","$0.00"
"03/02/2024","Organic Search","227","4","4","$4,419.06"
"03/02/2024","Paid Bing","259","6","7","$8,808.93"
"03/02/2024","Paid Google","220","6","7","$7,829.70"
"03/01/2024","Affiliates","233","3","4","$3,776.30"
"03/01/2024","Facebook","232","7","9","$10,050.77"
"03/01/2024","Organic Search","208","4","5","$5,978.34"
"03/01/2024","Paid Bing","228","1","1","$1,200.33"
"03/01/2024","Paid Google","238","2","2","$1,930.51"
"02/29/2024","Affiliates","247","7","10","$11,179.45"
"02/29/2024","Facebook","221","3","4","$4,595.83"
"02/29/2024","Organic Search","243","5","7","$7,955.31"
"02/29/2024","Paid Bing","239","3","5","$5,085.28"
"02/29/2024","Paid Google","246","6","6","$6,465.27"
"02/28/2024","Affiliates","247","8","8","$9,353.00"
"02/28/2024","Facebook","232","1","1","$999.63"
"02/28/2024","Organic Search","220","4","4","$4,923.36"
"02/28/2024","Paid Bing","233","4","4","$3,965.10"
"02/28/2024","Paid Google","238","4","4","$5,459.31"
"02/27/2024","Affiliates","249","4","6","$6,888.39"
"02/27/2024","Facebook","213","4","6","$7,723.87"
"02/27/2024","Organic Search","239","3","3","$3,528.86"
"02/27/2024","Paid Bing","231","3","3","$3,302.69"
"02/27/2024","Paid Google","219","3","5","$5,421.95"
"02/26/2024","Affiliates","237","2","2","$2,141.79"
"02/26/2024","Facebook","239","2","2","$2,316.26"
"02/26/2024","Organic Search","203","5","5","$6,002.71"
"02/26/2024","Paid Bing","256","2","2","$2,455.14"
"02/26/2024","Paid Google","233","4","4","$5,589.41"
"02/25/2024","Affiliates","236","4","6","$6,978.58"
"02/25/2024","Facebook","226","2","3","$3,384.20"
"02/25/2024","Organic Search","221","3","3","$3,312.85"
"02/25/2024","Paid Bing","195","4","4","$3,848.57"
"02/25/2024","Paid Google","224","3","4","$3,849.10"
"02/24/2024","Affiliates","251","1","1","$1,241.32"
"02/24/2024","Facebook","241","5","5","$5,645.25"
"02/24/2024","Organic Search","220","4","5","$5,732.88"
"02/24/2024","Paid Bing","252","2","2","$2,145.24"
"02/24/2024","Paid Google","227","0","0","$0.00"
"02/23/2024","Affiliates","222","1","1","$880.21"
"02/23/2024","Facebook","233","1","1","$1,361.57"
"02/23/2024","Organic Search","237","1","1","$1,257.65"
"02/23/2024","Paid Bing","215","2","3","$2,996.10"
"02/23/2024","Paid Google","237","2","3","$3,427.52"
"02/22/2024","Affiliates","200","1","1","$959.10"
"02/22/2024","Facebook","248","2","2","$1,669.93"
"02/22/2024","Organic Search","265","3","3","$3,235.28"
"02/22/2024","Paid Bing","235","6","6","$6,815.44"
"02/22/2024","Paid Google","228","4","5","$5,619.65"
"02/21/2024","Affiliates","256","0","1","$864.10"
"02/21/2024","Facebook","217","7","7","$8,398.10"
"02/21/2024","Organic Search","246","0","0","$0.00"
"02/21/2024","Paid Bing","229","7","8","$8,726.28"
"02/21/2024","Paid Google","267","6","6","$6,869.59"
"02/20/2024","Affiliates","214","2","2","$2,796.56"
"02/20/2024","Facebook","236","5","5","$5,312.41"
"02/20/2024","Organic Search","207","1","1","$867.14"
"02/20/2024","Paid Bing","250","2","2","$2,449.81"
"02/20/2024","Paid Google","236","1","3","$2,987.78"
"02/19/2024","Affiliates","257","6","6","$6,181.12"
"02/19/2024","Facebook","255","4","5","$5,845.48"
"02/19/2024","Organic Search","267","3","6","$6,482.96"
"02/19/2024","Paid Bing","222","1","1","$973.06"
"02/19/2024","Paid Google","199","3","4","$5,098.68"
"02/18/2024","Affiliates","235","2","2","$2,910.90"
"02/18/2024","Facebook","233","0","0","$0.00"
"02/18/2024","Organic Search","237","3","3","$3,056.46"
"02/18/2024","Paid Bing","248","1","1","$1,120.46"
"02/18/2024","Paid Google","237","5","6","$7,373.50"
"02/17/2024","Affiliates","247","1","1","$1,323.02"
"02/17/2024","Facebook","228","6","6","$7,611.29"
"02/17/2024","Organic Search","238","2","2","$2,467.01"
"02/17/2024","Paid Bing","218","2","3","$3,741.92"
"02/17/2024","Paid Google","239","2","2","$2,335.30"
"02/16/2024","Affiliates","239","3","3","$3,598.71"
"02/16/2024","Facebook","233","0","0","$0.00"
"02/16/2024","Organic Search","247","3","3","$3,750.86"
"02/16/2024","Paid Bing","231","2","3","$3,801.22"
"02/16/2024","Paid Google","225","2","2","$2,342.13"
"02/15/2024","Affiliates","248","1","1","$1,240.39"
"02/15/2024","Facebook","227","3","3","$3,139.47"
"02/15/2024","Organic Search","212","0","0","$0.00"
"02/15/2024","Paid Bing","242","3","3","$3,335.79"
"02/15/2024","Paid Google","231","3","3","$3,665.94"
"02/14/2024","Affiliates","222","1","2","$1,731.08"
"02/14/2024","Facebook","243","1","1","$968.00"
"02/14/2024","Organic Search","217","2","2","$1,859.44"
"02/14/2024","Paid Bing","258","4","4","$4,642.75"
"02/14/2024","Paid Google","246","1","1","$1,358.59"
"02/13/2024","Affiliates","225","1","1","$894.46"
"02/13/2024","Facebook","275","0","2","$2,467.59"
"02/13/2024","Organic Search","235","1","1","$1,115.35"
"02/13/2024","Paid Bing","235","1","2","$1,978.55"
"02/13/2024","Paid Google","245","1","1","$951.89"
"02/12/2024","Affiliates","238","3","3","$3,382.07"
"02/12/2024","Facebook","217","4","5","$6,426.83"
"02/12/2024","Organic Search","247","3","3","$3,080.76"
"02/12/2024","Paid Bing","213","1","1","$1,468.22"
"02/12/2024","Paid Google","267","2","2","$1,990.40"
"02/11/2024","Affiliates","225","4","4","$5,043.16"
"02/11/2024","Facebook","252","3","3","$3,376.33"
"02/11/2024","Organic Search","225","0","0","$0.00"
"02/11/2024","Paid Bing","229","3","3","$2,894.66"
"02/11/2024","Paid Google","234","2","2","$2,262.22"
"02/10/2024","Affiliates","236","3","3","$3,336.45"
"02/10/2024","Facebook","233","1","2","$2,859.12"
"02/10/2024","Organic Search","245","2","2","$2,103.34"
"02/10/2024","Paid Bing","263","1","1","$1,384.70"
"02/10/2024","Paid Google","227","2","2","$2,001.40"
"02/09/2024","Affiliates","239","1","1","$1,346.24"
"02/09/2024","Facebook","223","6","6","$7,952.11"
"02/09/2024","Organic Search","244","2","4","$4,479.45"
"02/09/2024","Paid Bing","221","1","1","$842.25"
"02/09/2024","Paid Google","239","1","1","$973.78"
"02/08/2024","Affiliates","220","0","0","$0.00"
"02/08/2024","Facebook","226","2","2","$2,504.81"
"02/08/2024","Organic Search","224","2","2","$2,596.64"
"02/08/2024","Paid Bing","194","1","1","$845.66"
"02/08/2024","Paid Google","281","2","2","$2,326.32"
"02/07/2024","Affiliates","258","3","3","$2,802.51"
"02/07/2024","Facebook","244","1","2","$2,617.29"
"02/07/2024","Organic Search","247","3","4","$4,895.10"
"02/07/2024","Paid Bing","221","0","1","$1,168.40"
"02/07/2024","Paid Google","233","2","2","$2,421.65"
"02/06/2024","Affiliates","258","1","1","$1,018.53"
"02/06/2024","Facebook","226","3","3","$3,355.73"
"02/06/2024","Organic Search","214","1","1","$1,083.03"
"02/06/2024","Paid Bing","234","0","0","$0.00"
"02/06/2024","Paid Google","272","0","0","$0.00"
"02/05/2024","Affiliates","246","2","3","$3,332.86"
"02/05/2024","Facebook","260","0","0","$0.00"
"02/05/2024","Organic Search","245","0","1","$1,369.88"
"02/05/2024","Paid Bing","231","2","2","$2,214.41"
"02/05/2024","Paid Google","236","0","2","$2,682.87"
"02/04/2024","Affiliates","240","0","0","$0.00"
"02/04/2024","Facebook","234","0","0","$0.00"
"02/04/2024","Organic Search","240","1","1","$1,413.95"
"02/04/2024","Paid Bing","210","1","2","$2,315.81"
"02/04/2024","Paid Google","252","3","4","$5,494.74"
"02/03/2024","Affiliates","210","1","1","$1,092.96"
"02/03/2024","Facebook","230","2","2","$2,780.05"
"02/03/2024","Organic Search","228","4","4","$5,024.90"
"02/03/2024","Paid Bing","244","0","0","$0.00"
"02/03/2024","Paid Google","257","3","3","$3,470.79"
"02/02/2024","Affiliates","234","1","1","$1,272.49"
"02/02/2024","Facebook","230","0","0","$0.00"
"02/02/2024","Organic Search","254","0","0","$0.00"
"02/02/2024","Paid Bing","231","1","1","$1,482.62"
"02/02/2024","Paid Google","247","1","1","$1,445.75"
"02/01/2024","Affiliates","229","0","1","$949.20"
"02/01/2024","Facebook","237","0","0","$0.00"
"02/01/2024","Organic Search","238","0","1","$860.06"
"02/01/2024","Paid Bing","284","1","1","$1,051.44"
"02/01/2024","Paid Google","244","0","0","$0.00"
"01/31/2024","Affiliates","234","1","1","$1,419.79"
"01/31/2024","Facebook","228","1","1","$1,489.59"
"01/31/2024","Organic Search","233","0","0","$0.00"
"01/31/2024","Paid Bing","267","0","0","$0.00"
"01/31/2024","Paid Google","250","0","0","$0.00"
"01/30/2024","Affiliates","221","0","0","$0.00"
"01/30/2024","Facebook","228","1","1","$887.03"
"01/30/2024","Organic Search","243","2","2","$2,346.43"
"01/30/2024","Paid Bing","236","1","1","$1,145.82"
"01/30/2024","Paid Google","239","1","1","$993.35"
"01/29/2024","Affiliates","217","0","0","$0.00"
"01/29/2024","Facebook","239","0","0","$0.00"
"01/29/2024","Organic Search","212","2","2","$2,855.95"
"01/29/2024","Paid Bing","229","0","0","$0.00"
"01/29/2024","Paid Google","221","1","1","$976.84"
"01/28/2024","Affiliates","238","1","1","$1,409.91"
"01/28/2024","Facebook","223","0","1","$1,307.15"
"01/28/2024","Organic Search","233","0","0","$0.00"
"01/28/2024","Paid Bing","251","1","1","$1,223.31"
"01/28/2024","Paid Google","235","0","0","$0.00"
"01/27/2024","Affiliates","243","0","0","$0.00"
"01/27/2024","Facebook","231","0","1","$1,276.86"
"01/27/2024","Organic Search","244","2","2","$1,869.92"
"01/27/2024","Paid Bing","247","0","0","$0.00"
"01/27/2024","Paid Google","245","0","0","$0.00"
"01/26/2024","Affiliates","240","1","1","$1,142.41"
"01/26/2024","Facebook","243","0","0","$0.00"
"01/26/2024","Organic Search","230","0","0","$0.00"
"01/26/2024","Paid Bing","240","1","1","$1,183.01"
"01/26/2024","Paid Google","231","0","0","$0.00"
"01/25/2024","Affiliates","216","1","1","$1,249.40"
"01/25/2024","Facebook","217","0","1","$1,302.94"
"01/25/2024","Organic Search","240","1","1","$1,032.02"
"01/25/2024","Paid Bing","256","0","0","$0.00"
"01/25/2024","Paid Google","227","0","0","$0.00"
"01/24/2024","Affiliates","258","0","0","$0.00"
"01/24/2024","Facebook","234","0","0","$0.00"
"01/24/2024","Organic Search","232","0","0","$0.00"
"01/24/2024","Paid Bing","266","0","0","$0.00"
"01/24/2024","Paid Google","212","1","1","$850.10"
"01/23/2024","Affiliates","235","0","0","$0.00"
"01/23/2024","Facebook","227","0","0","$0.00"
"01/23/2024","Organic Search","233","1","1","$1,300.57"
"01/23/2024","Paid Bing","230","0","0","$0.00"
"01/23/2024","Paid Google","233","0","0","$0.00"
"01/22/2024","Affiliates","230","0","0","$0.00"
"01/22/2024","Facebook","244","1","1","$1,432.59"
"01/22/2024","Organic Search","237","2","2","$2,069.71"
"01/22/2024","Paid Bing","234","0","0","$0.00"
"01/22/2024","Paid Google","244","0","0","$0.00"
"01/21/2024","Affiliates","223","0","0","$0.00"
"01/21/2024","Facebook","224","1","1","$1,455.19"
"01/21/2024","Organic Search","239","0","0","$0.00"
"01/21/2024","Paid Bing","236","0","0","$0.00"
"01/21/2024","Paid Google","210","0","0","$0.00"
"01/20/2024","Affiliates","238","0","0","$0.00"
"01/20/2024","Facebook","229","0","0","$0.00"
"01/20/2024","Organic Search","209","0","0","$0.00"
"01/20/2024","Paid Bing","237","2","2","$1,981.89"
"01/20/2024","Paid Google","229","0","0","$0.00"
"01/19/2024","Affiliates","233","0","0","$0.00"
"01/19/2024","Facebook","226","0","0","$0.00"
"01/19/2024","Organic Search","212","1","1","$1,488.73"
"01/19/2024","Paid Bing","230","0","0","$0.00"
"01/19/2024","Paid Google","243","2","2","$1,825.59"
"01/18/2024","Affiliates","243","0","0","$0.00"
"01/18/2024","Facebook","231","0","0","$0.00"
"01/18/2024","Organic Search","235","0","0","$0.00"
"01/18/2024","Paid Bing","246","0","0","$0.00"
"01/18/2024","Paid Google","220","0","0","$0.00"
"01/17/2024","Affiliates","217","0","0","$0.00"
"01/17/2024","Facebook","254","0","0","$0.00"
"01/17/2024","Organic Search","230","0","0","$0.00"
"01/17/2024","Paid Bing","210","1","2","$2,525.56"
"01/17/2024","Paid Google","234","0","0","$0.00"
"01/16/2024","Affiliates","222","0","0","$0.00"
"01/16/2024","Facebook","225","0","0","$0.00"
"01/16/2024","Organic Search","244","0","0","$0.00"
"01/16/2024","Paid Bing","218","1","1","$1,227.48"
"01/16/2024","Paid Google","223","0","0","$0.00"
"01/15/2024","Affiliates","255","0","0","$0.00"
"01/15/2024","Facebook","239","1","1","$1,463.45"
"01/15/2024","Organic Search","234","0","0","$0.00"
"01/15/2024","Paid Bing","227","1","1","$1,113.52"
"01/15/2024","Paid Google","209","0","0","$0.00"
"01/14/2024","Affiliates","253","0","0","$0.00"
"01/14/2024","Facebook","242","0","0","$0.00"
"01/14/2024","Organic Search","262","0","0","$0.00"
"01/14/2024","Paid Bing","213","0","0","$0.00"
"01/14/2024","Paid Google","209","0","0","$0.00"
"01/13/2024","Affiliates","236","1","1","$855.41"
"01/13/2024","Facebook","234","0","0","$0.00"
"01/13/2024","Organic Search","235","0","0","$0.00"
"01/13/2024","Paid Bing","238","0","0","$0.00"
"01/13/2024","Paid Google","250","0","0","$0.00"
"01/12/2024","Affiliates","234","0","0","$0.00"
"01/12/2024","Facebook","219","0","0","$0.00"
"01/12/2024","Organic Search","235","0","0","$0.00"
"01/12/2024","Paid Bing","244","0","0","$0.00"
"01/12/2024","Paid Google","245","0","0","$0.00"
"01/11/2024","Affiliates","249","0","1","$1,289.88"
"01/11/2024","Facebook","251","0","0","$0.00"
"01/11/2024","Organic Search","240","0","0","$0.00"
"01/11/2024","Paid Bing","222","0","0","$0.00"
"01/11/2024","Paid Google","214","0","0","$0.00"
"01/10/2024","Affiliates","219","1","1","$1,446.56"
"01/10/2024","Facebook","239","0","0","$0.00"
"01/10/2024","Organic Search","224","0","0","$0.00"
"01/10/2024","Paid Bing","238","0","0","$0.00"
"01/10/2024","Paid Google","228","0","0","$0.00"
"01/09/2024","Affiliates","204","0","0","$0.00"
"01/09/2024","Facebook","266","0","0","$0.00"
"01/09/2024","Organic Search","243","0","0","$0.00"
"01/09/2024","Paid Bing","243","0","0","$0.00"
"01/09/2024","Paid Google","213","0","0","$0.00"
"01/08/2024","Affiliates","207","0","0","$0.00"
"01/08/2024","Facebook","229","0","0","$0.00"
"01/08/2024","Organic Search","231","0","0","$0.00"
"01/08/2024","Paid Bing","189","0","0","$0.00"
"01/08/2024","Paid Google","243","0","0","$0.00"
"01/07/2024","Affiliates","221","0","0","$0.00"
"01/07/2024","Facebook","259","0","0","$0.00"
"01/07/2024","Organic Search","199","0","0","$0.00"
"01/07/2024","Paid Bing","252","0","0","$0.00"
"01/07/2024","Paid Google","232","0","0","$0.00"
"01/06/2024","Affiliates","226","0","0","$0.00"
"01/06/2024","Facebook","234","0","0","$0.00"
"01/06/2024","Organic Search","227","0","0","$0.00"
"01/06/2024","Paid Bing","236","0","0","$0.00"
"01/06/2024","Paid Google","215","0","0","$0.00"
"01/05/2024","Affiliates","269","0","0","$0.00"
"01/05/2024","Facebook","249","0","0","$0.00"
"01/05/2024","Organic Search","236","0","0","$0.00"
"01/05/2024","Paid Bing","220","0","0","$0.00"
"01/05/2024","Paid Google","227","0","0","$0.00"
"01/04/2024","Affiliates","214","0","0","$0.00"
"01/04/2024","Facebook","229","0","0","$0.00"
"01/04/2024","Organic Search","226","0","0","$0.00"
"01/04/2024","Paid Bing","234","0","0","$0.00"
"01/04/2024","Paid Google","260","0","0","$0.00"
"01/03/2024","Affiliates","232","0","0","$0.00"
"01/03/2024","Facebook","240","0","0","$0.00"
"01/03/2024","Organic Search","265","0","0","$0.00"
"01/03/2024","Paid Bing","251","0","0","$0.00"
"01/03/2024","Paid Google","221","0","0","$0.00"
"01/02/2024","Affiliates","202","0","0","$0.00"
"01/02/2024","Facebook","223","0","0","$0.00"
"01/02/2024","Organic Search","247","0","0","$0.00"
"01/02/2024","Paid Bing","266","0","0","$0.00"
"01/02/2024","Paid Google","240","0","0","$0.00"
"01/01/2024","Affiliates","224","0","0","$0.00"
"01/01/2024","Facebook","223","0","0","$0.00"
"01/01/2024","Organic Search","231","0","0","$0.00"
"01/01/2024","Paid Bing","249","0","0","$0.00"
"01/01/2024","Paid Google","245","0","0","$0.00"
